url,label
https://www.google.com,safe
https://www.wikipedia.org,safe
https://www.github.com,safe
https://www.python.org,safe
https://www.microsoft.com,safe
https://www.amazon.com,safe
https://www.stackoverflow.com,safe
https://www.mozilla.org,safe
https://www.apple.com,safe
https://www.nytimes.com,safe
https://www.bbc.co.uk,safe
https://www.linkedin.com,safe
https://www.reddit.com,safe
https://www.wordpress.org,safe
https://www.cloudflare.com,safe
https://www.ibm.com,safe
https://www.oracle.com,safe
https://www.adobe.com,safe
https://www.spotify.com,safe
https://www.netflix.com,safe
https://www.dropbox.com,safe
https://www.salesforce.com,safe
https://www.paypal.com,safe
https://www.ebay.com,safe
https://www.wikihow.com,safe
https://www.who.int,safe
https://www.un.org,safe
https://www.nasa.gov,safe
https://www.harvard.edu,safe
https://www.mit.edu,safe
http://192.168.1.1.verify-account-update.com/login,phishing
http://secure-paypal-login.com.verify-user.info/signin,phishing
http://banking-update-confirm.net/account/verify,phishing
http://192.0.2.55/wp-login-secure/index.php,phishing
http://appleid-verify-account.com-login.info,phishing
http://update-billing-info-now.com/confirm,phishing
http://signin-secure-ebay.com.suspend-account.net,phishing
http://webscr-paypal.com-cgi-bin-login@evil.example.com,phishing
http://amaz0n-account-suspend.com/verify-now,phishing
http://192.168.0.55:8080/secure/signin.php,phishing
http://netflix-billing-update.info/confirm-account,phishing
http://microsoft-account-verify.support-login.com,phishing
http://bank0famerica-secure-login.com/verify,phishing
http://confirm-your-account-now.suspend-alert.net,phishing
http://login-secure-update.dropbox-verify.com,phishing
http://free-gift-card-verify-account.com/claim,phishing
http://192.168.1.100/onlinebanking/secure/login.php,phishing
http://appleid.apple.com.verify-login-secure.info,phishing
http://password-reset-secure.account-alert.com,phishing
http://google-account-verify.suspicious-login.net,phishing
